body,title
"

Texto: Elisa Villa Román

La sangre es un tejido cuyo estudio siempre ha atraído a científicos y religiosos por su relación directa con la vida. Las culturas antiguas sentían fascinación porque la concebían como un vehículo del alma, vital para mantener la salud.
En la medicina griega y romana se le consideraba una de las cuatro sustancias básicas que conforman la materia viva junto con la bilis negra, la bilis amarilla y la flema. El equilibrio de estos cuatro líquidos o “humores” mantenía en buen estado de salud a una persona.

Transfusión sanguínea en 1931. Archivo Wellcome Collection/Internet Archive.
Una de las historias más documentadas es la del papa Inocencio VIII, que en 1492 recibió la sangre de tres niños, a quienes se les prometió una suma de dinero. En ese entonces se creía en el poder curativo de transferir sangre de una persona joven y vigorosa a un anciano o enfermo.
Sin embargo, los niños murieron por hemorragia y el anciano sacerdote por complicaciones durante el procedimiento.
Con el paso del tiempo y los avances científicos se supo que la sangre está conformada por distintas células: glóbulos rojos (eritrocitos), glóbulos blancos (leucocitos), plaquetas que “nadan” entre plasma y sustancias para la coagulación.
Lograr transfundir sangre de persona a persona requirió siglos de observación y hoy involucra un área de la medicina moderna.
Ángeles realizando una ""sangría espiritual"". Técnica: gouache, s/f. Archivo: Wellcome Collection. 
La primera transfusión exitosa fue realizada por el inglés Richard Lower, quien mantuvo dos perros con vida gracias al procedimiento. En 1667, junto con su colega Jean-Baptiste Denis lograron transferir sangre de una oveja a una persona. Pero fue hasta 1829 que James Blundell las realizó entre humanos.
En México, la primera transfusión la realizó el doctor Abraham Ayala González en 1925 en el Hospital General y casi una década después se crearon los primeros bancos de sangre.
Hoy contamos con tecnología médica producto de siglos de investigación científica. Sin embargo, la pandemia actual por la Covid-19 ha frenado las donaciones altruistas de sangre en todo el mundo. Sólo en México disminuyeron 70%, según cálculos de autoridades sanitarias.
Transfusión sanguínea directa. Archivo: Library of Congress
 

Las vidas salvadas
El 10 de septiembre de 1928, una mujer que no pasaba de los treinta años entró al consultorio del doctor González cargando a un niño casi moribundo: “un chico destruido en su organismo hasta el grado de que no se necesitaba ser médico para tener por seguro el desenlace inmediato”.
La historia fue documentada por el reportero Jacobo Dalevuelta en las páginas de este diario y por las fotografías publicadas. Se requirieron dos médicos y una enfermera para la operación. “Niños arrancados de las garras de la muerte: la señora ofreció su propia sangre para inyectarla al pequeño”, dice la publicación.
Para lograrlo, la enfermera (cuyo nombre no se menciona) inmovilizó con vendas al niño mientras los médicos Juan González y Javier Ibarra realizaban el procedimiento.
Uno de ellos aplicó anestesia e hizo un corte de tres centímetros en el pie derecho del niño, mientras el otro extraía sangre del brazo de la madre que pasaría por un recipiente de cristal para finalmente entrar por la vena del pequeño.
“Niños arrancados de la muerte”, publicación en EL UNIVERSAL, 1928.
“Se trata de un procedimiento de transfusión de sangre a niños raquíticos, mal alimentados, de aquellos que pueden haber sido declarados ya despojos de la vida y a quienes la sangre materna los reintegra, los devuelve a los hogares, a llenar su función de ternura y de alegría”, escribió el reportero.
La operación resultó exitosa y de acuerdo con la nota, el personal había logrado salvar a 72 niños desde que González aprendió la técnica de transfusión sanguínea en Estados Unidos.
Jacobo Dalevuelta cuestionó si en esa clínica la sangre podía ser donada por otra persona que no fuera la madre, a lo que el médico respondió que no. 

Trabajo dentro de un banco de sangre en 1950. Se pueden observar las tecnologías de la época y las pruebas de compatibilidad sanguínea. Archivo: United States Army/Internet Archive
Un año después, en noviembre de 1929, el mismo reportero entrevistó a Roberto Alfaro Trejo, un joven pasante de medicina que llevaba un récord como donador altruista. Lo apodaban “El Géiser Humano” y había donado sangre más de cincuenta veces.
Alfaro era un donante universal que prestaba sus servicios entre el Puesto Central de Socorros de la calle Revillagigedo y el pabellón 19 del Hospital General. Tenía 24 años, era alto, corpulento y estaba a punto de graduarse de la carrera de medicina.
“Su sangre puede ser recibida por cualquier persona y poseyendo esta incalculable riqueza, nunca ha dudado un momento cuando hay posibilidad de salvar a alguien. Alfaro Trejo, un generoso humanitario digno de que se le conozca y se le admire”, escribió Dalevuelta.
Fue la muerte de su padre la que inspiró al joven médico a prestar sus servicios: “En 1921 murió mi padre de una infección del estómago. La ciencia médica en esa época era rudimentaria (...) estoy seguro de que mi padre con una intervención quirúrgica oportuna y con mi sangre, se hubiera salvado”, expresó Alfaro.
“Un hombre generoso que regala su sangre, el caso de Roberto Alfaro Trejo”. Publicación en EL UNIVERSAL.
Sin embargo, el joven comentó que muchas personas no entendían que sus servicios eran altruistas y en ocasiones había quienes que lo presionaban para donar:
“En una ocasión vino un señor y sin más, me dijo: ‘dice el doctor fulano de tal que necesita un litro de sangre, y que vaya usted luego’. ¡Un litro de sangre! La cantidad mayor que he dado es de medio litro en una sola transfusión”.
Aun así, Alfaro seguía donando y casi siempre le agradecían por su labor. “¿Dejará usted de dar sangre?”, preguntó Jacobo Dalevuelta. El joven respondió: “Cada vez que salgo de una transfusión, declaro que es la última”.
Los grupos sanguíneos A, B y O fueron hallados en 1901 por Karl Landsteiner, quien además estableció los principios de compatibilidad entre éstos, tema básico para asegurar transfusiones exitosas.
La sangre tenía un halo de misterio para quienes la estudiaban con curiosidad. Archivo: EL UNIVERSAL ILUSTRADO, años 30.
Las transfusiones a gran escala vinieron con las Guerras Mundiales para salvar a los soldados heridos en combate. Ahí se perfeccionaron los procedimientos antiguos en una carrera de velocidad contra la muerte. 
México abrió su primer banco de sangre en 1942 aunque algunas fuentes indican que ya existían algunos desde los años 30 y a mediados del siglo XX se implementaron las bolsas especiales para “empaquetar” la sangre y sus derivados, abandonando el recipiente de cristal.
Una nota de 1945 retrata cómo era un banco de sangre en la Ciudad de México. El doctor Marco Mena Brito, encargado de esta división, contó que una de las fortalezas de los bancos era contar con suficiente diversidad en tipos de sangre para salvar a más personas.
“Es muy raro el tipo de sangre Rh negativa. No todos los seres humanos la poseen, pero el Banco de Sangre del Hospital del Niño se enorgullece de tener un stock para ser utilizado en cualquier momento”, dijo.
La donante toma un vaso de leche después de la extracción. Reportaje de 1945 sobre los bancos de sangre. Archivo: EL UNIVERSAL.
El procedimiento era muy similar al actual. El donante acudía al puesto de extracción donde se le hacía una valoración clínica. A la sangre extraída le aplicaban los análisis necesarios para detectar sífilis, paludismo, fiebre de Malta y otras enfermedades conocidas hasta entonces.
En la nota se explica que a cada donante se le trataba “espléndidamente”, pues al final de la extracción se le regalaba un refrigerio pues algunos sufrían desmayos, “más de carácter psíquico que de otra clase”.
El doctor Mena hizo un llamado a donar sangre para salvar las vidas de sus pacientes: “¿No vale la pena intentarlo? ¿No es satisfactorio recibir la sonrisa o el agradecimiento de un niño a cambio de este sacrificio?”
Y finalmente explicó: “Si el donante resulta enfermo, se le dirige una carta cerrada y personal citándolo para mostrarle sus análisis y ponerlo sobre aviso del mal que lo afecta. Servicio por servicio”. 
Botella para transfusión sanguínea de los años 40. Archivo: Wellcome Collection. 
 

No hace falta una emergencia para acudir a donar
En décadas más recientes, los contagios por VIH, sífilis, hepatitis y otras infecciones, obligaron a las instituciones de salud a implementar controles más rigurosos sobre las transfusiones y en 1993 se promulgó la Norma Oficial Mexicana NOM-003-SSA2-1993 para la disposición de sangre humana y sus componentes con fines terapéuticos.
En la norma se indica cómo deben almacenarse los hemocomponentes y su manejo antes, durante y después de llegar al paciente. Las bolsas, por ejemplo, contienen los aditamentos necesarios para conservar los elementos sanguíneos y cuando se terminan de utilizar son desechadas bajo la norma de Residuos Peligrosos Biológicos Infecciosos.
Un cartel que invitaba a donar sangre en 1984. Archivo: EL UNIVERSAL.
La doctora Daniela Vargas Gutiérrez es especialista en hematología pediátrica. Dice que el miedo al contagio de enfermedades infecciosas y creer que no se puede donar si se tienen tatuajes, son algunos de los obstáculos que prevalecen para la donación de sangre.
“Caso curioso, pero la mayoría de los hombres no considera que tener más de dos parejas sexuales es un factor de riesgo, otros no cuentan a la esposa como una pareja sexual. Ese sería para nosotros un criterio para que no sea candidato a donar”.
Vargas dice que es vital la difusión sobre donación altruista en los medios de comunicación y también por parte del personal de la salud, quienes en su opinión deben asegurar un trato digno a los donantes, pues son comunes las quejas durante el proceso.
“En México hace falta más información. Hay que quitar el miedo a las donaciones y crear un aprendizaje desde pequeños sobre los beneficios de la donación, no sólo en desastres o urgencias, sino tenerla disponible para toda persona que la necesite”.
Transfusión en 1918. Archivo: EL UNIVERSAL ILUSTRADO.
Ella trabaja como hematóloga en el Hospital del Niño y el Adolescente Morelense, donde diagnostica enfermedades de la sangre, desde anemias hasta hemofilia y leucemia.
Comenta que las donaciones se han visto afectadas por la actual pandemia de Covid-19: “Los donadores tienen miedo; justo hoy el papá de mi paciente refiere que no quieren acudir a donar porque saben que en el hospital Parres [Hospital General de Cuernavaca ""Dr. José G. Parres""], tienen hospitalizados a pacientes con Covid-19”.
La doctora concluye que la mayor parte de los componentes sanguíneos provienen de donaciones para cirugías programadas, pues es un requisito. Por eso es importante acudir a donar de manera altruista.
“La mejor transfusión es la que no se indica. Si el mexicano tuviera la educación de la donación altruista, cuando se encontrara en una urgencia podría tener sangre disponible y casi asegurada su transfusión”, dice.
Transfusión sanguínea a mediados del siglo XX. Foto: Library of Congress.
Existen iniciativas sociales que intentan acercar a los donantes con las personas que lo necesitan. Blooders es una startup creada por los hermanos César y Javier Esquivel Téllez.
La iniciativa surgió hace un par de años como una herramienta de comunicación entre donantes altruistas y personas que requieren una donación. Javier Esquivel explica:
“Al crear la campaña de solicitud de donantes vas a tener un perfil único que sirve para dos propósitos: tú como familiar o amigo del paciente lo puedes compartir con más personas y nosotros como organización lo compartimos con los donantes registrados que viven cerca de ese hospital y que tienen el mismo tipo sanguíneo o uno compatible”.
Esquivel indica que si uno inicia una campaña de donación en Puebla, los donadores de ese estado registrados en Blooders reciben una alerta, pero sólo ellos deciden si acuden o no. “Nosotros los acercamos y aceleramos el proceso para conseguir donadores de sangre”, dice.
Actualmente, Blooders colabora con 56 de los más de 500 bancos de sangre que hay en el país, otorgándoles un software que les ayuda a organizar su sistema de citas.
Con las guerras fue necesario mejorar la tecnología médica. Archivo: Library of Congress.
A principios de abril de 2020 ante la emergencia sanitaria por la Covid-19, el gobierno federal llamó a la población a donar sangre a fin de evitar un desabasto. En conferencia de prensa sobre los avances de la epidemia, se indicó que el tránsito de donantes a nivel nacional disminuyó hasta en 70%.
Esta disminución afecta directamente a quienes necesitan algún componente sanguíneo, como las personas que actualmente requieren quimioterapias o viven con algún padecimiento de su sangre. Si no aumentamos el volumen de donaciones, se creará un desabasto que difícilmente será manejado por las autoridades.
La escasez fomentaría el surgimiento de mercados ilegales, en este caso de venta de sangre, aunque el artículo 327 de la Ley General de Salud en materia de Seguridad Sanguínea dice que está prohibido el comercio de órganos, tejidos y células.
Toda transfusión de sangre debe hacerse sin ánimo de lucro. El ejemplo de los donantes de antaño continúa vigente: “No hace falta que sea mi familiar para que acuda a donar”.
Tecnología antigua de transfusión sanguínea. Archivo: Wellcome Collection.

Fuentes:
Hemeroteca de EL UNIVERSAL.
Entrevista a la Dra. Daniela Vargas Gutiérrez, hematóloga pediatra egresada del Centro Médico Nacional La Raza.
Entrevista a Javier Esquivel Téllez, emprendedor y co-fundador de Blooders. https://blooders.org/
Library of Congress
Artículo “Evolución del conocimiento sobre la sangre y su movimiento”, de Raúl Izaguirre y Alfredo de Micheli. Acceso: http://www.scielo.org.mx/scielo.php?script=sci_arttext&pid=S0034-8376200...
“Breve historia de la hematología: la transfusión sanguínea y el trasplante de células hematopoyéticas”, de José Carlos Jaime Pérez. Acceso: https://accessmedicina.mhmedical.com/content.aspx?bookid=1732§ionid=121016146
Boletín de la Comisión Nacional de Arbitraje Médico. Agosto de 2016. http://www.conamed.gob.mx/gobmx/boletin/pdf/boletin7/medicina_transfusio...
Boletín del programa de acción sobre transfusión sanguínea, de la Secretaría de Salud. http://www.salud.gob.mx/unidades/cnts/pdfs/transfusion_sanguinea.pdf
Ley General de Salud, en materia de Seguridad Sanguínea http://www.diputados.gob.mx/LeyesBiblio/ref/lgs/LGS_ref90_20abr15.pdf
""Disminuye 70% donación de sangre por coronavirus: SSa; llaman a donar"", nota publicada por El Universal el 9 de abril de 2020. Acceso: https://www.eluniversal.com.mx/nacion/politica/ssa-disminuye-70-donacion...

** La imagen principal es un grabado del siglo XIX sobre una transfusión sanguínea directa. Archivo: Wellcome Collection.
*** Todas las imágenes de la Wellcome Collection, Library of Congress e Internet Archive cuentan con Licencia Creative Commons que permite su libre uso, en apoyo al conocimiento libre. 
","Donar sangre, del misticismo a la respuesta ante pandemias"
"
Amaury Vergara, presidente del Guadalajara, reveló que el cuadro de las Chivas tendrá una serie de televisión, la cual se podrá ver por la plataformas de streaming Amazon Prime.
""Se está filmando una serie documental de Chivas, la estamos haciendo con Amazon, es la primera en su tipo en México y de su tipo en Latinoamérica y en el mundo; no puedo decir más en este momento, pero se está haciendo muy bien"", comentó Vergara en su participación en la Comisión de Filmaciones de Jalisco.
 

 

""No diría que es mucho mejor que la película, porque eso fue algo increíble, pero creo que ahora tenemos más herramientas y mucha más estructura para hacer algo más interesante"".
La serie correría a partir de la obtención de la Liga de Campeones de la Concacaf de 2018, hasta lo ocurrido antes de que se detuviera el actual torneo de Clausura 2020 por el coronavirus.
Puedes leer: ""El regreso de la Liga MX es incierto""
",Chivas estrenará su serie de televisión
"OTZOLOTEPEC.— “Chinguen a su madre, pinche gobierno pendejo”,  gritaban enardecidos  pobladores de San Mateo Capulhuac,  quienes se oponen a la sanitización por Covid 19 y destrozaron dos patrullas.  La noche del viernes, cientos de vecinos  salieron a las calles y molestos por las medidas sanitarias destrozaron dos patrullas de la Policía Municipal de Otzolotepec.
Según los lugareños, ellos están seguros de que el gobierno es el que está propagando químicos para matar a las personas y decir que fue por  Covid-19 y por eso se opusieron a la sanitización.
Los hechos se suscitaron cuando una cuadrilla de sanitización pretendía llevar a cabo sus labores, sin embargo, un grupo de pobladores lo impidió de forma violenta, pues golpearon a los empleados del ayuntamiento y destruyeron dos vehículos oficiales.
lanzarían químicos. Y es que desde hace una semana circula un mensaje de voz de whatsapp en el que un hombre no identificado asegura que escuchó cómo un comandante recibía instrucciones por parte del  C5  y se le notificaba que avionetas lanzarían químicos para enfermar a la población después de las 8:00 de la noche.
“No todo va a ser hoy, va a ser de aquí al 16 de mayo, no sé en qué día toque San Mateo, Toluca, Almoloya de Juárez o así, esto para que el químico que lancen las avionetas provoque una fuerte tos y para que vayan al Seguro, para que les digan que es coronavirus y nos cargue la chingada a todos”, dijeron.
Por ello,   Otzolotepec tuvo que asegurar, a través de sus redes sociales sobre la falsedad de lo que circula en los grupos de chat.
Desde el jueves, la Secretaría de Seguridad desmintió que hubiese avionetas propagando químicos, pero  en Otzolotepec y otros municipios, la incredulidad sobre  el virus   permanece y genera   violencia.
 
 
",
"
La pandemia de Covid-19 ya ha contagiado a más de tres millones de personas en todo el mundo. Todavía no se tiene una vacuna ni un tratamiento eficaz para eliminar el virus del organismo, así que algunos científicos sugieren que la única opción, por el momento, es la “inmunidad de rebaño”. 

Aún no se tiene certeza sobre si las personas que enfermaron de coronavirus tienen inmunidad a volverse a infectar. En Estados Unidos, los Centro para el Control y Prevención de Enfermedades (CDC) aprobaron un análisis de anticuerpos, a través de la sangre, para estudiar su reacción al virus. 

La prueba serológica es capaz de determinar si una persona tuvo previamente la infección, aunque fuera asintomático, y si tiene los anticuerpos necesarios para combatirlo.

Lee también






Las diferencias entre los síntomas del coronavirus y de una alergia


En la primavera es común que las personas tengan síntomas de una alergia estacional por su reacción al polen



 

En Nueva York, el estado más afectado por el coronavirus, se han practicado más de 7 mil pruebas de anticuerpos, de manera aleatoria. De todas las personas analizadas, el 14.9%  dio positivo a la presencia de anticuerpos contra el virus, según informó el gobernador Andrew Cuomo el lunes.

El que una persona tenga anticuerpos implica que tiene cierta protección, pero no significa que es totalmente inmune a Covid-19, pues los científicos no lo han podido demostrar aún.

La inmunidad del rebaño significa que entre más se eleva la cifra de personas resistentes a la enfermedad, el virus se queda sin sujetos a los que puede infectar y se disminuye la aceleración de la propagación, según expertos de la UNAM.

De acuerdo con la Organización Mundial de la Salud, la “inmunidad de rebaño” o inmunidad colectiva a través de la vacuna ha sido un factor esencial para disminuir la cantidad de personas afectadas por el sarampión. 

La inmunidad colectiva natural es riesgosa, según advierten los científicos que analizan al Covid-19, así que la lucha por encontrar una vacuna contra la enfermedad sigue en pie. 

Visita






Los síntomas que no conocías sobre el coronavirus


Los primeros síntomas pueden manifestarse en un periodo de dos a 14 días después de estar expuesto al virus 


 

 


LEER MÁS:


""El coronavirus 'viaja' en suelas de zapatos""

Gotas de Covid-19 podrían ‘viajar’ hasta 8 metros: MIT

Este es el tiempo que sobrevive el Covid-19 en los cubrebocas

Consejos que debes seguir ante el Covid-19 si tienes diabetes

Coronavirus ¿Se puede salir a correr durante la cuarentena?

Tips para ir al supermercado de forma segura ante el coronavirus

¿En qué consiste la Fase 3 del plan contra el coronavirus?

¿Los humidificadores ayudan a disminuir los síntomas del coronavirus?

¿Cómo usar adecuadamente los cubrebocas?

¿El coronavirus sobrevive en la ropa? ¿Cómo lavarla?

Coronavirus. En qué superficies dura más tiempo el Covid-19

¿Tienes un enfermo de coronavirus en casa?, así debes limpiar tu hogar


pb

 
",
" 0 % PULSO SOCIAL0 Seguro has escuchado que existen alimentos afrodisíacos que prometen darte un desempeño superior en la cama. Pero tal vez no conoces que hay otros ingredientes que pueden afectar negativamente tu departamento sexual. 
Se trata de platillos que pueden disminuir tu deseo o afectar tu salud, en el caso de los hombres. Lo peor es que te sabotean en silencio, de forma que no te das cuenta hasta el momento en el que le fallas a tu pareja…
10 situaciones que pueden provocar encuentros sexuales dolorosos
Para evitar que los dos pasen un mal momento entre las sábanas, en De10.mx hicimos una #GaleríaDe10 con 10 alimentos que debes moderar para que tu desempeño sexual nunca decaiga y tu pareja siempre esté satisfecha... ¡Toma nota!
Con información de GQ
 
TARJETA: 

 
 
 

Ver esta publicación en Instagram

Si buscas mantener tu peso esta #cuarentena, estos alimentos pueden ser grandes aliados para ti Para más #consejos visita de10.com.mx y sigue nuestras redes sociales . . . . . . . #fitness #comida #bajardepeso #saludable #dieta #fit #menú # alimentación
Una publicación compartida de  De10.mx (@de10mx) el 7 Abr, 2020 a las 7:44 PDT


 ",
"

Después de que había sido bloqueado por YouTube porque violaba los derechos de autor al incluir la canción “Amor Eterno” de Juan Gabriel, el video que había subido esta mañana por el presidente Andrés Manuel López Obrador con motivo del Día de las Madres nuevamente puede reproducirse en la plataforma, pero ahora informando que ya cuenta con la licencia de Sony Music Entertainment (SME), propietaria de los derechos de autor de la canción. 
El mismo video también fue subido nuevamente, sin ningún bloqueo ,en la cuenta de Facebook del titular del Ejecutivo federal.
La disquera Sony dijo a EL UNIVERSAL que ellos habían dado permisos a presidencia para la reproducción.
Esta mañana, después de que había sido subido en la cuenta de YouTube del presidente López Obrador, el video titulado “¡Feliz día de las madres!” fue bloqueado por violar derechos de autor y en su lugar aparecía la leyenda: “Este video tiene contenido de SME, quien lo bloqueó en tu país por razones relacionadas con los derechos de autor. Lo sentimos”. 
También lee: Cantan “mañanitas virtuales” en la Basílica de Guadalupe por Día de las madres 
La grabación que incluye la interpretación del “Divo de Juarez” realizada en mayo de 1990 en el Palacio de Bellas Artes, también había sido bloqueado en Facebook. 
En el mensaje de poco más de ocho minutos, el presidente, acompañado de su esposa la doctora Beatriz Gutiérrez Müller, felicita a las madres mexicanas por el 10 de mayo, a quienes agradeció su cariño y amor, y -como lo había adelantado- les dedicó la canción “Amor Eterno”, de Juan Gabriel. 

En un video grabado en los pasillos de Palacio Nacional, Beatriz Gutiérrez Muller exhortó a la población acatar las medidas de sana distancia por la contingencia por el Covid-19 por lo que pidió no visitar a la madres y abuelas para evitar contagios.
“Les deseo lo mejor, felicidades hoy 10 de mayo, felicidades a las mamás, a las madres, a las abuelitas, a las que nos acompañan y a las que se nos adelantaron, a las que cerraron sus ojitos, pero nos dejaron su cariño, su amor, y el regalo que les tengo es de un compositor extraordinario: Juan Gabriel, lo conocí, un gran artista, una gran persona, un extraordinario ser humano y la canción es bellísima, “Amor eterno”. Felicidades”, comentó el mandatario.
rmlgv
",Suben de nuevo el video de AMLO a YouTube del Día de las Madres... pero ahora con permisos
"
Otro participante del programa “Enamorándonos” fue baleado la madrugada del sábado. Se trata de  Christian Raúl , “El abogado del pueblo”, quien además participa en el elenco del programa “Hoy”.
Los hechos ocurrieron en  Azcapotzalco, cuando “El abogado del pueblo”, junto con otro hombre —quien también resultó lesionado—, se dirigía a comprar bebidas alcohólicas. 
Según los heridos, eran las 5:30 de la mañana cuando dos hombres los interceptaron y sin mediar palabra les dispararon.
Vecinos de la calle Cerrada Nopatitla, colonia Sindicato Mexicano de Electricistas,  se asomaron por sus ventanas para ver lo que sucedía. Vieron a “El abogado del pueblo”, quien es conocido en la zona, herido sobre la acera junto a otro joven, por lo que por sus medios los trasladaron al hospital Rubén Leñero. 
También lee: Del amor a la muerte: Los escándalos de “Enamorándonos”
 Christian, de 39 años, fue herido con al menos tres disparos, mientras que su acompañante fue herido en la pierna derecha.
 Además de sus participaciones en televisión, “El abogado del pueblo” ha incursionado en la política, pues en 2017 fue candidato a la alcaldía de Azcapotzalco. 
Relacionó la agresión con sus  actividades profesionales, pues dijo que “cuenta con varios enemigos”.

lr
 
","Balean a “El abogado del pueblo”, exparticipante de “Enamorándonos” y ""Hoy"""
"

León, Guanajuato.- A Sara le apasiona ser enfermera; cada turno arriesga su vida en un hospital Covid al que llega a trabajar con la bendición de su hija Julieta, de nueve años; la niña la persigna en repetidas ocasiones al salir de casa, “...de nuestros enemigos, líbranos Señor”.

Ha pasado los últimos siete años de su vida en el sector Salud, en urgencias, quirófano, terapia intensiva, medicina familiar y hospitalización, donde se desempeña actualmente en el horario nocturno.

La vocación la heredó de su madre, quien fue una enfermera valiente hasta su muerte; hace un par de años un cáncer la venció.

Este 10 de mayo, Sara, de 32 años, estará asignada al cuarto piso de una Unidad Médica de Alta Especialidad del IMSS envuelta en un traje quirúrgico, dedicada a la atención de pacientes con coronavirus.
 También lee: Daphne conocerá a su bebé y celebrará el Día de las Madres tras superar el Covid-19

En esta fecha no habrá festejo y al concluir su guardia, dice, limitará el contacto con sus dos hijos, Julieta y Josué, de 13 años.

La enfermera dice ser una persona sana, aun así siente incertidumbre porque, como madre, todo el tiempo se piensa en los hijos, y en evitar llevar el virus a su casa.

“Sí te da un poquito de miedo decir: ‘¿Y si me contagio?, ¿la voy a librar o no?’. Yo me considero una persona sana, pero sí me pongo a pensar cómo va a responder mi cuerpo ante este virus que no sabemos en verdad qué es lo que hace que te pongas tan, tan grave”.

Los ojos se le nublan al recordar a su madre y al hablar de sus hijos, quienes, dice, son muy pequeños para entender los alcances del virus tan contagioso.La epidemia le cambió todo, su ritmo de vida, sus hábitos; ha tenido que ocultar su uniforme blanco en espacios públicos por las agresiones contra enfermeras. Le preocupa lo que podría ocurrir si llegara a infectarse.
 “Irnos a trabajar y que nos podamos contagiar, que vengamos y los abracemos y los contagiemos [a los hijos] es un sentimiento… así… ¡híjole!; ‘si no hago bien las cosas, ¿qué va a pasar?’… todos los proyectos. Te cambia la vida”, dice.

Con una sonrisa nerviosa, agrega que sus pequeños le aconsejan cuidarse mucho.
 También lee: Sheinbaum pide a capitalinos celebrar el Día de las Madres con sana distancia

“Mi hija, ya cuando me voy a trabajar, baja, me abraza y me da mi beso; me persigna, me da otro beso y me dice: ‘Te veo mañana, te cuidas’. ‘¡Cuídate mucho!’, me desea mi hijo mayor”.

Josué piensa en su mamá y se preocupa, porque a pesar de la peligrosa epidemia muchas personas no hacen caso de que no salgan, no hagan fiestas ni reuniones, porque eso expande más el virus “y eso es muy malo”.

El virus es muy malo

La joven enfermera dice que los profesionales de la salud siempre están en lucha con virus difíciles y mortales, atendiendo a pacientes graves; en urgencias llegan casos de todo: personas traumatizadas, baleadas, picadas. El coronavirus es otra enfermedad peligrosa, que da “un poquito de miedo: ¡Este virus es tan malo!”, advierte.

En esta carrera —dice— hay que tener poquita sangre fría y el valor en situaciones que a lo mejor nunca has visto o con las que no has tenido contacto, para no quedarte en shock. “Tienes que enfrentarte a esas situaciones, y no paralizarte. Hacer lo que te toca”.
 También lee: Mamás, heroínas por ayudar a sus hijos a estudiar: Esteban Moctezuma

La responsabilidad mueve

Como médicos y enfermeras se tiene la responsabilidad, se debe actuar con profesionalismo, con valor, firmeza y humildad hacia los enfermos y sus familias.

“La responsabilidad que tenemos es lo que nos mueve, es nuestro trabajo y nosotros decidimos estudiar esta carrera, y ahorita nos tocó en nuestro ámbito laboral este virus que se contagia fácilmente; sólo queda echarle ganas con responsabilidad, como profesionales que somos”, señala convencida.

El reto está en dar la atención como corresponde, protegerte para no expandir la enfermedad a los tuyos ni a los demás.

“Hay que entrar al aislado donde está un paciente positivo lo más protegida y evitando contagiarte; eso es valor, responsabilidad y humildad ante todo, porque son pacientes que al estar ahí encerrados, sin poder tener contacto con nadie, con dificultades para respirar, en ocasiones tienen un carácter complicado, están de malas o agresivos”.
 También lee: Por Covid-19, López-Gatell pide evitar visitas a mamás y abuelas el Día de las Madres

“¿Y qué les dices?: ‘A ver, a ver, aquí yo vengo a ayudarte, soy tu enfermera, te voy a dar tus medicamentos, ponte en esta posición, te va a ayudar a respirar mejor’; pero sí es un poquito difícil para todos”.

Entonces, insiste, tienes que tener un carácter fuerte, valiente y de respeto a los demás. “No te vas a poner a llorar con el paciente o con los familiares”.

Sara expresa su satisfacción por servir a las personas, con todo y las dificultades que surjan. “Ser enfermera es una forma de poder ayudar a los demás, es algo con lo que viví y crecí”.

Termina su jornada, se quita el abrumador atuendo con el que estuvo caminando por todo el hospital: los goggles, el cubrebocas N95 y el resto del traje quirúrgico. En su rostro afloran las marcas de las 12 largas horas con la protección.

Enseguida se desprende del uniforme blanco, incluidos los zapatos, antes de salir del trabajo, para evitar riesgos de agresiones.

Sara sale con ropa de vestir, llega a su casa, se lava las manos, toma un baño y después saluda a sus hijos y a su esposo, aunque con limitaciones de distancia.

 
",Dedica Día de las Madres a atender pacientes Covid
"
Un total de 300 trabajadores temporales, que han sido contratados a través del programa “Tenemos Trabajo, Empleo Temporal”, ya laboran en la rehabilitación de espacios públicos y limpieza de áreas verdes en coordinación con diversas áreas, informó el director de Servicios Municipales, José  Luis Zamora Valero.

El gobierno de Xavier Nava Palacios, paga a la población económicamente activa que se encuentre en situación de desempleo por la contingencia, mil 500 pesos mensuales por beneficiario, durante abril, mayo y junio; teniendo que laborar 24 horas al mes, divididas máximo en 4 jornadas.

El funcionario municipal precisó que las personas que se incorporaron realizan acciones de limpieza al interior del municipio, distribuidos cien trabajadores en el área de Imagen Urbana, otros más en Parques y Jardines y cien más en las cuadrillas especiales que sobre avenidas, puentes y espacios públicos.

Zamora Valero dijo que estos trabajadores temporales están realizando acciones de mantenimiento, barrido, recolección de basura en avenida Hernán Cortés, José de Gálvez, Carretera 57, Colorines a Distribuidor Juárez, Avenida Colorines y en el interior y exterior de la Alameda Juan Sarabia, así como en los puentes de 20 de Noviembre, Prolongación Moctezuma, Vasco de Quiroga y parte de la zona norte.

“Es un trabajo de corresponsabilidad, y aquí se busca cumplir con los objetivos planteados en el Programa de Reactivación Económica, para frenar el desempleo” finalizó.
",Ciudadanos contratados durante pandemia ya trabajan en calles de SLP
"
En el patio del Hospital General de Tláhuac, familiares pudieron felicitar por videollamada a sus mamás por este 10 de mayo, debido a que se encuentran internadas por ser diagnosticadas con coronavirus. 
Esto se debe a la implementación de los Módulos de Atención a Familiares (MAF) que fueron instalados en los 11 hospitales Covid-19 de la Secretaría de Salud de la Ciudad de México, con el objetivo que los familiares puedan saber el estado clínico y sentir a sus seres queridos más cerca.
La familia Sánchez Martínez pudo realizar una videollamada con Hortensia Martínez Aguilar, paciente de 62 años de edad, que se encuentra en estado grave debido al virus. Los parientes externaron que se sentían angustiados por su estado de salud, pues desde hace 4 días deseaban verla o que ella los escuchará. 
""Échale ganas, vas a salir de esto, te queremos"", le gritaba su esposo Enrique Sánchez, en compañía de sus dos hijos quienes también pudieron felicitarla por este medio.
Lea también: Videollamadas entre pacientes con Covid-19 y familiares inician este fin de semana: Sheinbaum
Cabe mencionar que con la implementación de las videollamadas, los familiares deberán seguir un reglamento que dependerá del hospital, que pide respetar los horarios que designen para las videollamadas o llamadas, tener una duración máxima de 5 minutos y los especialistas definirán en hacerlas tomando la consideración de la carga de trabajo, condiciones de infraestructura y medidas sanitarias. 
Además, solo estarán permitidas con el equipo móvil de los Módulos de Atención a Familiares, por lo que los familiares no pueden hacer uso de sus teléfonos para comunicarse con los pacientes.
cev
",Felicitan por videollamada a mamás internadas por Covid-19 en hospital de Tláhuac
"
Disney anunció que comenzará la reapertura gradual de su parque Disneyland Shanghai el 11 de mayo, con reducción de capacidad de visitantes. Aunque es una señal alentadora de la disminución de contagios, el regreso no será igual. 

Por ahora en Shanghai, y después en el resto de parques, la compañía iniciará una reapertura por fases y con estrictas medidas sanitarias y de distanciamiento social. 


We’re pleased to announce that Shanghai Disneyland will reopen with controlled capacity on May 11, 2020.https://t.co/afNZZyn9k1 pic.twitter.com/Ypq5rQloaR
— Disney Parks News (@DisneyParksNews) May 5, 2020


Pamela Hymel, directora médica de Disney Paks, dice que están evaluando nuevas medidas de seguridad en conjunto con las autoridades locales y la Asociación de Viajes de Estados Unidos para procurar la salud de los viajeros. 




 


 

 



 




Ver esta publicación en Instagram


 



 

 

 



 

 



 

 

 




 

 


Una publicación compartida por Disneyland (@disneyland) el 30 de Mar de 2020 a las 7:00 PDT




“Con ese fin, quiero compartir una actualización sobre nuestros planes y consideraciones mientras nos preparamos para la reapertura de nuestros parques, centros turísticos y tiendas”, apunta en Disney Blog. 

Recomendamos 






Así es la reapertura en las principales entidades de Estados Unidos


Estados Unidos es el epicentro del coronavirus, pero hay estados que ya permitieron la apertura de gimnasios, restaurantes y cines con ""medidas de distanciamiento"" 




1) La reapertura será por fases

La reapertura de los parques seguirá los lineamientos de las autoridades locales. Se analizará la ubicación de cada uno y la mejor manera de comenzar el proceso de reapertura: gradual o parcial. Lo mismo aplicará para la apertura de tiendas y restaurantes dentro de los resorts. 

2) Distancia física 

Antes de la pandemia por coronavirus, Magic Kingdom en Walt Disney World recibía a 20.9 millones de visitantes al año y  Disneyland Park en Disneyland Resort a 18.7 millones de visitantes. Pero este ritmo no se podrá seguir en 2020. 

Disney aplicará medidas de distancia física en los parques de Estados Unidos y de todo el mundo. Estas se implementarán en filas, restaurantes, hoteles, vehículos de transporte y otras instalaciones.

“Probablemente incluirá la implementación de medidas de capacidad de los huéspedes para cumplir con las pautas estatales y federales”, señalan. También se hará más uso de aplicaciones para hacer filas virtuales en las atracciones de más demanda; a través de ellas, los turistas seleccionan un horario disponible para subir y se presentan cuando llega la hora indicada.  




 


 

 



 




Ver esta publicación en Instagram


 



 

 

 



 

 



 

 

 




 

 


Una publicación compartida por Walt Disney World (@waltdisneyworld) el 20 de Abr de 2020 a las 4:02 PDT




Lee 






Las veces que los parques Disney han cerrado en toda su historia


La única vez que Disneyland y Walt Disney World cerraron al mismo tiempo fue tras los atentados terroristas del 11-S 




3) Limpieza y desinfección

Los servicios de intendencia de los parques realizarán labores de limpieza y desinfección con frecuencia, sobre todo en las áreas más concurridas.. 

4) Apoyo de detección y prevención

Disney asegura que seguirán las instrucciones del gobierno y la comunidad médica con respecto a los procedimientos de detección de Covid-19 mejorados y las medidas de prevención, incluidos los revestimientos faciales. 

“Ya se han implementado algunas medidas, como agregar desinfectantes para manos y estaciones de lavado en todos nuestros resorts”, dice Pamela Hymel. Antes, dijeron que incluso podrían revisar la temperatura de los pacientes al entrar. 

5) Capacitación del personal 

Antes de la reapertura capacitarán al personal de todas las áreas para que el regreso de los turistas sea orientado adecuadamente. 




 


 

 



 




Ver esta publicación en Instagram


 



 

 

 



 

 



 

 

 




 

 


Una publicación compartida por Walt Disney World (@waltdisneyworld) el 7 de Abr de 2020 a las 6:29 PDT




¿Cuándo abrirá Disneyland y Walt Disney World?

Los parques de California y Florida, en Estados Unidos, aún no tienen una fecha de apertura y deberán responder a los planes de sus respectivos condados. Te explicamos cuáles son en este enlace.  

Te interesa 






¿Cuándo podrán abrir los parques de Disney en EU? 


En un inicio se indicó que Disneyland y Disney World abrirían el 1 de abri, pero la pandemia se extendió y provocó una suspensión indefinida 



",
"



    googletag.cmd.push(function() {
      googletag.display(""dfp-ad-top3_content"");
    });
  


México se encuentra a unos días de entrar a la fase 3 de coronavirus Covid-19. Se prevé que lo peor de la pandemia se registre del 2 al 8 de mayo.
Ante esto, es importante que te mantengas informado y atento a las indicaciones de las autoridades y te quedes en casa, para evitar contagios de coronavirus.
¿Cuáles son los primeros síntomas del coronavirus?
Los principales síntomas de Covid-19 son: fiebre, tos seca y cansancio. Otras de las primeras manifestaciones del coronavirus en el cuerpo es la pérdida del sentido del olfato (anosmia) y del gusto.
También se puede presentar dolor de cabeza (a causa de la fiebre), ardor de garganta, escurrimiento nasal.
En caso de que presentes algunos de estos síntomas, debes permanecer en cuarentena en tu casa para evitar contagios, en caso de que seas un paciente con coronavirus. Recuerda que del 70 al 80 por ciento de los enfermos de Covid-19 se recuperan en casa.
También puedes acudir a las alternativas que ofrecen algunos gobiernos locales. Por ejemplo, la CDMX habilitó un servicio de mensajes sms y un sitio web para encontrar posibles casos de coronavirus. 
A los casos sospechosos detectados por esta vía, se les practiica la prueba a domicilio y en caso de dar positivo a Covid-19, se les otorga un kit y una despensa, para que puedan permanecer en casa.

¿Coronavirus: cómo sé cuándo debo ir al hospital?
El síntoma que te alerta sobre la gravedad en un caso de coronavirus es la dificultad para respirar.
Es muy importante que si detectas que tienes problemas para respirar, te dirijas al hospital Covid-19 más cercano.
Ahora bien, es importante señalar algo: no se debe confunfir la dificultar para respirar con la congestión nasal, o el sentirse mormado como cuando tienes catarro.
Un ejemplo de como se manifiesta la dificultad para resporar es cuando se hace un esfuerzo mínimo (caminar unos metros, subir unos cuantos escalones), y comienzas a sentir que te falta el aire o que te cansas muy rápido. Incluso, esta sensación la puedes llegar a sentir cuando estás en reposo.
La neumonía es la manifestación grave del coronavirus, es por esa razón que al primer síntoma de falta de aire, debes acudir al hospital para evitar que la enfermedad avance.
¿Qué es la fase tres del coronavirus?
Los tres niveles o fases de contingencia por coronavirus son:


Fase 1. Importación viral. Se presentan decenas de casos importados o de contacto con alguna persona infectada que importó el virus; las autoridades pueden determinar el origen de estos,


Fase 2. Dispersión comunitaria. Se presentan cientos de casos. Se pierde el origen de los contagios. Las personas comienzan a contagiarse unas a otras sin haber tenido contacto con alguna persona que importó el virus.


Fase 3. Epidémico. Se registran miles de casos.


La fase 3 del coronavirus será la etapa más difícil de la pandemia. El propio presidente Andrés Manuel López Obrador ha señalado al respecto que ""la parte más díficil de la epidemia está por llegar"".
La fase tres del Covid-19 se prevé inicie entre dos y tres semanas después de haber llegado a la fase 2. (Es decir, aproximadamente por el 14 a 21 de abril).
Las autoridades sanitarias estiman que durante la fase 3 los casos de contagio del coronavirus se multipliquen y se alcance una cifra de 175 a 300 mil enfermos, de los cuales el 70 por ciento podrían ser asintomáticos y una minoría requeriría hospitalización.
El peor escenario de la fase 3 implicaría que no se hubieran respetado las medidas de la Jornada Nacional de Sana Distancia, y que el coronavirus alcance a infectar a aproximadamente del 0.5 al 1 por ciento de los mexicanos. Es decir, 1.2 millones de personas aproximadamente.
El subsecretario Hugo López Gatell ha señalado que la fase tres se va a dar, pero que la aplicación de las medidas de sana distancia mitigará en el número de casos.
Medidas de prevención del coronavirus Covid-19
La Dirección General de Promoción de la Salud señala que es importante fortalecer las siguientes medidas para evitar el contagio de coronavirus:


Lavarse las manos frecuentemente con agua y jabón o utilizar gel con base de alcohol al 70%.


Al toser o estornudar, utilizar el estornudo de etiqueta, que consiste en cubrirse la nariz y boca con un pañuelo desechable o con el ángulo interno del brazo.


No tocarse la cara, la nariz, la boca y los ojos con las manos sucias.


Limpiar y desinfectar superficies y objetos de uso común en: casas, oficinas, sitios cerrados, transporte, centros de reunión, etc.


Quedarse en casa cuando se tienen padecimientos respiratorios y acudir al médico si se presenta alguno de los síntomas (fiebre mayor a 38°C, dolor de cabeza, dolor de garganta, escurrimiento nasal, etc.)


MÁS INFORMACIÓN SOBRE EL CORONAVIRUS EN MÉXICO:
Estas son las 6 condiciones para levantar la cuarentena de Covid-19
Casos de coronavirus en Mexico por estado | Estadísticas Covid-19
Coronavirus: Laboratorios privados donde hacen la prueba Covid-19 
Coronavirus: Canales dónde pasan clases de la SEP por contingencia
Casos de coronavirus en el Estado de México | Covid-19
Qué hacer en cuarentena para no aburrirse
¿Cómo hacer tu gel antibacterial casero para manos con alcohol?
Coronavirus: 15 datos que debes saber sobre la pandemia de Covid-19
Cuántos casos hay de coronavirus en Yucatán
¿Cuántos casos de coronavirus hay en Jalisco? 
¿Cuántos casos de Coronavirus hay en el Estado de México?
Coronavirus: Clases de la SEP por contingencia, lo que debes saber
Covid-19: ¿Cuándo se acaba la cuarentena en México?
Clases para niños de primaria y secundaria en línea | Coronavirus
Pros y contras de salir a correr en cuarentena | Coronavirus
Curso gratis en línea para aprender Excel | Fundación Carlos Slim
Coronavirus: 10 cosas que hacer en cuarentena para no aburrirse 
 

",Primeros síntomas coronavirus: ¿cuáles son y cuándo ir al hospital?
"Cuando echaban caguama junto a un taxi, motosicarios ejecutaron a “El Cholo” y a Fabián en la colonia Agrícola Pantitlán, en Iztacalco.
Los “compas” estaban sobre la banqueta de la Calle 3 cerca de las 16:45 horas de ayer, cuando dos sujetos a bordo de una motocicleta les dispararon de forma directa, uno de los balazos dio en el taxi.
“Agentes del cuadrante se aproximan y se percatan de dos masculinos tendidos en la cinta asfáltica siendo”, detallan los informes.
Oficiales del sector Pantitlán los hallaron tirados frente al 138 de la Calle 3, esquina Privada Abraham Galán, y aunque paramédicos del ERUM trataron de ayudarlos, ya habían fallecido por los balazos.
“El Cholo” fue identificado como Ulises Itzá Arenas Cruz, de 34 años, quien desde hace dos años conducía el taxi Renault Logan sin placas y con el número A0822D, y vivía a unas cuadras.
Mientras que su amigo Fabián Martínez González, de 23 años, había salido de trabajar dos horas antes de una fábrica de construcción y vivía a unos pasos de donde murió. Sobre la calle y frente a un portón quedaron al menos una decena de indicios balísticos.
Luego de realizar las diligencias necesarias, los Servicios Periciales trasladaron los indicios y los cuerpos al servicio forense local.
La FGJ inició las averiguaciones para esclarecer los hechos.
 
 
",
"
La Liga de Fútbol Profesional (LFP) española anunció que cinco jugadores, ""todos ellos asintomáticos y en la fase final de la enfermedad"", dieron positivo por coronavirus, tras las pruebas médicas previas al comienzo de los entrenamientos.
""En concreto, entre los clubes de la Primera División y Segunda División, se han detectado 5 casos positivos en jugadores, todos ellos asintomáticos y en la fase final de la enfermedad, cuya identidad concreta LaLiga desconoce en cumplimiento de la Ley Orgánica de Protección de Datos"", señaló la competición.
A principios de mayo, el gobierno español anunció un plan de desconfinamiento para los futbolistas profesionales: Tras las pruebas médicas, entrenamientos individuales y luego sesiones en grupos pequeños.
 

 
  
Los partidos estarán autorizados en la cuarta y última fase, con la condición de no reunir a más de 400 personas en el lugar. La Liga espera ""un regreso a la competición en junio"", a puerta cerrada. ""Desde la Liga se ha advertido a todos los participantes en los entrenamientos que no relajen las medidas sanitarias recomendadas"", añadió la competición.
En su comunicado, la Liga también recuerda los ""próximos pasos"" para los jugadores que dieron positivo. En primer lugar deberán permanecer en cuarentena ""realizando la misma actividad física que venían haciendo"", unos días después repetirán la prueba de detección y, tras obtener dos negativos, podrán volver a las instalaciones de su club. 
La competición además subrayó que ofrece la posibilidad de hacerse test a todas las personas que convivan con los afectados. Entre los jugadores que dieron positivo está el internacional brasileño del Atlético Renan Lodi, confirmado esta semana con un mensaje de su club en las redes sociales.
Puedes leer: ""El regreso de la Liga MX es incierto y condicionado""
El campeonato español se encuentra detenido desde marzo por la pandemia del nuevo coronavirus. Javier Aguirre, el técnico mexicano del Leganés, adelantó el viernes los posibles planes de la competición.
""Ya tenemos fecha de inicio de Liga. El 20 de junio arrancamos y en cinco semanas terminamos, oficialmente el 26 de julio. Se jugará sábados y domingo, y miércoles y jueves, once fechas. Me lo acaba de informar la Liga oficialmente"", declaró el 'Vasco' en una entrevista.
El miércoles, la Bundesliga se convirtió en el primer gran campeonato en anunciar su reanudación. Volverá a rodar el balón el 16 de mayo. España, uno de los países en el mundo más golpeados por la pandemia con más de 26.000 fallecidos, empezó esta semana a reducir las medidas de confinamiento que rigen desde el 14 de marzo, lo que ha permitido la vuelta de los entrenamientos.

","Cinco jugadores de la Liga española, positivos de coronavirus"
"



    googletag.cmd.push(function() {
      googletag.display(""dfp-ad-top3_content"");
    });
  


La Universidad Nacional Autónoma de México (UNAM) creó un sitio dedicado dedicado a las estadísticas del coronavirus Covid-19 en México llamado covid19.ciga.unam.mx
En este portal se puede ver las cifras a nivel nacional de casos acumulados y muertes, incidencias, mortalidad y letalidad todo esto en una mapa.
También se pueden observar los números de casos de coronavirus Covid-19 a nivel estatal y municipal.
Número de coronavirus en municipios del Edomex
Dicha pagina señala que en el reporte del 09 de mayo a las 18:45 horas, en el Estado de México existen 5 mil 710 casos confirmados acumulados, mil 374 activos y 472 defunciones. 
Por ello, te decimos los municipios con más casos acumulados de coronavirus en el Estado de México. 

Nezahualcóyotl con 753
Ecatepec con 720
Naucalpan con 445
Tlalnepantla con 352
Chimalhuacan con 305
Chalco con 235
Ixtapaluca con 209
Toluca con 197
Tultitlán con 190
Cuautitlán Izcalli con 186
Atizapán de Zaragoza con 183
Tecámac con 176
Nicolás Romero con 169
Valle de Chalco con 146
Huixquilucan con 128
La Paz con 118
Cuautitlán con 107
Coacalco con 96
Texcoco con 84
Metepec con 67
Chicoloapan con 53
Atizapán con 49
Ixtlahuaca con 49
Zumpango con 49
Tultepec con 45
Acolman con 29
Zinacantepec con 27
Lerma con 25
Amecameca con 22
Tlalmanalco con 22

Ahora bien, los casos activos en la entidad mexiquense de Covid-19 según la UNAM son los siguientes: 

Nezahualcóyotl con 196
Ecatepec con 166
Naucalpan con 120
Tlalnepantla con 79
Toluca con 73
Chimalhuacan con 62
Ixtapaluca con 59
Chalco con 55
Cuautitlán Izcalli con 49
Tultitlán con 45
Tecámac con 40 
Atizapán de Zaragoza con 35
Nicolás Romero con 34
La Paz con 30 
Valle de Chalco con 28
Metepec con 27
Coacaclco con 20 
Huixquilucan con 19
Cuatitlán con 16
Texcoco con 13
Atizapán con 12
Ixtlahuaca con 12
Tultepec con 10 
Almoloya de Juárez con 9 
Acolman con 8 
Amecameca con 8
Zinacantepec con 8
Zumpango con 8
Lerma con 6
Tenango del Valle con 6

Mientras que los municipios con mayor decesos son los siguientes:

Nezahualcóyotl con 56
Ecatepec con 50
Chimalhuacán con 33
Atizapán de Zaragoza con 26
Naucalpan con 26
Tlalnepantla con 23
Nicolás Romero con 19
Valle de Chalco con 19
Ixtapaluca con 16 
Chalco con 15 
Tecámac con 15 
Tultitlán con 15
Ixtlahuaca con 14
Cuautitlán Izcalli con 14
La Paz con 11
Toluca con 10
Cuautitlán con 7 
Zumpango con 7 
Texcoco con 6
Tultepec con 6
Coacalco con 5
Atizapán con 4
Atlacomulco con 4
Huixquilucan con 4
Capulhuac con 3

Te Puede Interesar: 
¿Cuántos casos hay de coronavirus en Edomex? | MAPA
",Municipios con coronavirus en Edomex | MAPA UNAM 
"
La aerolínea colombiana Avianca Holdings se acogió este domingo al Capítulo 11 del Código de Bancarrota en Estados Unidos por problemas financieros derivados de la pandemia del coronavirus.
 
El proceso supervisado por el Tribunal de Bancarrota del Distrito Sur de Nueva York tiene la intención de favorecer la continuidad de las operaciones de la aerolínea, preservar los empleos, mantener la conectividad para los más de 30 millones de pasajeros anuales y promover la recuperación económica de Colombia, indicó la aerolínea en un comunicado.
""Acogerse a este proceso fue necesario debido al impacto imprevisible de la pandemia Covid-19 que ha provocado una disminución de 90% del tráfico mundial de pasajeros y se espera que se reduzcan los ingresos de la industria en todo el mundo en 314 mil millones de dólares.
 
“Las operaciones regulares de pasajeros de Avianca han estado en tierra desde mediados de marzo, lo que ha reducido sus ingresos consolidados en más de un 80% y ha ejercido una presión significativa sobre su liquidez”, expuso la compañía.
 
En Colombia, Avianca tiene 14 mil empleados y a nivel Latinoamérica 21 mil trabajadores, contando empleados directos e indirectos, además de 3 mil proveedores.
Lea también: Avianca suspende totalmente operaciones por coronavirus
 
La intención de la aerolínea es mantener la conectividad como la principal aerolínea de Colombia, prestando servicios a más del 50% del mercado colombiano y dando servicio sin escalas en América del Sur, América del Norte y los mercados europeos; así como continuar con las operaciones de carga.
 
Avianca es la segunda aerolínea más grande de América Latina y tiene pasivos entre mil y 10 mil millones de dólares según su presentación ante el tribunal de quiebras de Estados Unidos.
 
“Los efectos de la pandemia Covid-19 nos han llevado a enfrentar la crisis más desafiante de nuestros 100 años de historia como compañía.
 
“Ante la suspensión total de nuestra operación de pasajeros y una recuperación que será gradual, entrar en este proceso es un paso necesario para hacer frente a nuestros retos financieros”, dijo Anko van der Werff, presidente de Avianca Holdings.
agv / cev
","Ante crisis por Covid-19, aerolínea Avianca se acoge a ley de bancarrota en EU"
"
En plena cuarentena, donde se pide a la población quedarse en casa para mitigar los contagios de Covid-19, el activista oaxaqueño, Eugui Roy Martinez Pérez, de 21 años de edad, fue asesinado en su casa en el municipio de San Agustín Loxicha, en la región Sierra Sur de Oaxaca.
El asesinato ocurrió el jueves pasado, pero este sábado familiares y amigos ambientalista han intensificado el reclamo de justicia por el crimen del joven, quien estudiaba el segundo semestre de la carrera de Biología en el Instituto Tecnológico del Valle de Oaxaca; además, Eugui dedicaba su tiempo a la preservación de reptiles y anfibios de la región.
De acuerdo con la versión de los familiares, a Eugui lo asesinaron con disparos de arma de fuego cuando estaba en el rancho Magnolia, en la zona cafetalera de Tierra Blanca, comunidad de San Agustín Loxicha. Ahí había decidido el joven pasar la cuarentena por la contingencia sanitaria por Covid-19.
“Mi hermano decidió pasar la cuarentena en el rancho, recolectando insectos, estudiando, escribiendo para una revista y cuidando un par de venados, además de alimentar su blog en internet; sin embargo, la mañana del jueves 7 de mayo, los vecinos lo encontraron en el suelo, ensangrentado y sin signos vitales”, expuso Rosalinda Martínez, hermana de la víctima, quien junto con ambientalistas y activistas exigen justicia y piden al gobernador Alejandro Murat y al fiscal Rubén Vasconcelos, que se esclarezcan los hechos. 
Puedes leer: Así se vive en un pueblo de Oaxaca blindado ante el Covid-19
""Quiero creer que la muerte de mi hermano no quedará impune; que el crimen que apagó su vida no pasará a formar parte de las estadísticas archivadas"", agregó la hermana.
A través de redes sociales, activistas, colectivos y usuarios han condenado el ataque. 
Lee también: Baleados y sin justicia. Así asesinaron a los activistas mexicanos en 2019
“Hoy, la biología está de luto. Nos unimos a alzar la voz y rendir un pequeño homenaje a nuestro amigo Eugy, quien perdió la vida en manos de personas sin escrúpulos; malditos todos aquellos que quitan la vida a una persona inocente y valiente por defender lo que muchos de nosotros no nos atrevemos 'nuestra madre naturaleza'”, escribió el Colectivo Los Tlacuas.
El Instituto Tecnológico del Valle de Oaxaca, así como profesores de la carrera de Biología, también se unieron al pésame para la familia del joven y condenaron los hechos.
Te puede interesar: Policía Comunitaria en Guerrero toma las armas contra el Covid-19
Además de estudiar Biología, Eugui pertenecía a la Organización para la Conservación del Medioambiente en Oaxaca llamado “Biologgers Divulgación de las ciencias y naturaleza”, donde colaboraba con con fotos y videos de sus hallazgos en la sierra de la entidad.

jabf/ed
",Asesinan a activista en la sierra de Oaxaca; ambientalistas exigen justicia
"

Ante la crisis económica mundial ocasionada por el Covid-19 y en la que se prevé que México tenga una caída de 6.6%, el presidente Andrés Manuel López Obrador pidió a los mexicanos ahorrar lo mucho o poco que se tenga para poder enfrentar esta pandemia.

En un video difundido en redes sociales, el Jefe de Estado informó que posiblemente este miércoles se presente el plan de reactivación productiva económica y social, tras la cuarentena, y detalló que debido al coronavirus se perdieron alrededor de 500 mil empleos en abril, “pero la verdad es que se pensaba que íbamos a caer más”.

Al reiterar que se domó al coronavirus, dijo que de mayo a julio se inyectarán recursos en apoyos y programas sociales para fortalecer la economía popular, y no se pedirá prestado para endeudar al país.

“Aprovecho para decirle a la gente que estamos bajando estos recursos de manera directa y no está de más que les diga que hay que ahorrar, aunque sea poco lo que reciben, cuidarlo, pensar en la familia.
 También lee: López-Gatell, fusible roto
 “En todo, cuidar y ahorrar para que así podamos salir adelante. Lo mucho o lo poco que tengamos, que lo cuidemos, y nosotros estamos buscando que lo mucho o lo poco que tenga el país se distribuya con justicia, que les llegue a todos”.

Al mostrar gráficas de proyecciones del Fondo Monetario Internacional (FMI), comentó que en el mundo habrá recesión económica, y en el caso de México se calcula que habrá una caía de 6.6%.

“Miren, esta es una proyección del FMI. En todos los casos hay recesión, en vez de crecimiento va a haber decrecimiento de la economía. [En] Estados Unidos 5.9% va a caer la economía; en Alemania, 7%; Francia, 7.2%; Italia, 9%; España, 8%, [y] a nosotros nos calculan 6.6% (…) La peor recesión desde la Gran Depresión”, manifestó.

Ante este panorama, el Titular del Ejecutivo federal comentó que la apuesta de su administración se basa en inyectar recursos y fortalecer la economía popular, y aseguró que dentro de las buenas noticias que tiene México para salir adelante se encuentra la recuperación del precio del petróleo, así como un aumento en las remesas y en la recaudación fiscal.
 También lee:  AMLO: hasta 20 de mayo se prolonga pico de contagios
 Apuntó que en los últimos 10 días hábiles se han entregado 125 mil 260 créditos para pequeños empresarios por un monto de 3 mil 131 millones de pesos, pero en mayo se prevé dispersar 132 mil millones; en junio, 101 mil millones de pesos, y en julio, 123 mil millones.

“Nosotros pensamos que de esta manera vamos a lograr la recuperación de la economía. Ya vamos a dar a conocer la próxima semana, espero que el miércoles, el plan de reapertura de la actividad productiva, económica, social, cultural, es decir, el término de la cuarentena.

“Claro, vamos a reiniciar con mucho cuidado, poco a poco, con medidas sanitarias para que no se complique la situación. Llevamos ahora buenos resultados en lo que cabe, porque ya dije: duele mucho que se pierdan vidas humanas, aunque sea una persona la que pierda la vida”, agregó.

No a la distribución machista de apoyos

El presidente Andrés Manuel López Obrador puntualizó que dentro de los programas sociales, se entregará a 180 mil pescadores apoyos por 7 mil pesos y pidió que este monto se distribuya de manera equitativa entre la familia, y que el manejo del apoyo no sea machista.
 También lee: Un atípico 10 de mayo: festejos desde lejos y remesas a la baja 

“Son 180 mil, cuídenlo, que sea equitativo, que sea para toda la familia, que no sea ahora sí machista el manejo del dinero, que no nada más el hombre se quede con el dinero, el llamado jefe de la casa, y se lo gaste, y no llegue nada para la familia, para los hijos, para las esposas”, finalizó el Mandatario.
",Pide AMLO ahorrar ante caída económica
